1_casual, 2_casual, 3_casual, 4_casual 
62.03125,39.42746113989637,35.2890625,0
29.538532961931292,27.65376782077393,13.346774193548388,6
27.967197750702905,19.283261802575108,12.286549707602338,0
26.703703703703702,20.227817745803357,9.78048780487805,1
29.30228619813717,18.359477124183005,8.731707317073171,0
33.642857142857146,29.935064935064936,14.808510638297872,0
68.67142857142858,52.865470852017935,28.928057553956833,1