WorkingDay, casual
0,57.00594930160373
1,25.574527051451984